{"IcoMoonType":"selection","icons":[{"icon":{"paths":["M512 0c-176.732 0-320 143.268-320 320 0 320 320 704 320 704s320-384 320-704c0-176.732-143.27-320-320-320zM512 512c-106.040 0-192-85.96-192-192s85.96-192 192-192 192 85.96 192 192-85.96 192-192 192z"],"tags":["location","map-marker","pin"],"defaultCode":59719,"grid":16,"attrs":[]},"attrs":[],"properties":{"ligatures":"location, map-marker","name":"location","order":28,"id":72,"prevSize":32,"code":59719},"setIdx":0,"setId":1,"iconIdx":71},{"icon":{"paths":["M64 192h896v192h-896zM64 448h896v192h-896zM64 704h896v192h-896z"],"tags":["menu","list","options","lines","hamburger"],"defaultCode":59837,"grid":16,"attrs":[]},"attrs":[],"properties":{"ligatures":"menu, list3","name":"menu","order":20,"id":190,"prevSize":32,"code":59837},"setIdx":0,"setId":1,"iconIdx":191},{"icon":{"width":1408,"paths":["M0 192h896v192h-896v-192zM0 448h896v192h-896v-192zM0 704h896v192h-896v-192z","M992 576l192 192 192-192z","M1376 512l-192-192-192 192z"],"tags":["menu","options","hamburger"],"defaultCode":59838,"grid":16,"attrs":[]},"attrs":[],"properties":{"ligatures":"menu2, options2","name":"menu2","order":21,"id":191,"prevSize":32,"code":59838},"setIdx":0,"setId":1,"iconIdx":192},{"icon":{"width":1408,"paths":["M0 192h896v192h-896v-192zM0 448h896v192h-896v-192zM0 704h896v192h-896v-192z","M992 448l192 192 192-192z"],"tags":["menu","options","hamburger"],"defaultCode":59839,"grid":16,"attrs":[]},"attrs":[],"properties":{"ligatures":"menu3, options3","name":"menu3","order":22,"id":192,"prevSize":32,"code":59839},"setIdx":0,"setId":1,"iconIdx":193},{"icon":{"width":1408,"paths":["M0 192h896v192h-896v-192zM0 448h896v192h-896v-192zM0 704h896v192h-896v-192z","M992 640l192-192 192 192z"],"tags":["menu","options","hamburger"],"defaultCode":59840,"grid":16,"attrs":[]},"attrs":[],"properties":{"ligatures":"menu4, options4","name":"menu4","order":23,"id":193,"prevSize":32,"code":59840},"setIdx":0,"setId":1,"iconIdx":194},{"icon":{"paths":["M512 32l-480 480h288v512h384v-512h288z"],"tags":["arrow-up","up","upload","top"],"defaultCode":59954,"grid":16,"attrs":[]},"attrs":[],"properties":{"ligatures":"arrow-up, up","name":"arrow-up","order":12,"id":307,"prevSize":32,"code":59954},"setIdx":0,"setId":1,"iconIdx":308},{"icon":{"paths":["M992 512l-480-480v288h-512v384h512v288z"],"tags":["arrow-right","right","next"],"defaultCode":59956,"grid":16,"attrs":[]},"attrs":[],"properties":{"ligatures":"arrow-right, right3","name":"arrow-right","order":11,"id":309,"prevSize":32,"code":59956},"setIdx":0,"setId":1,"iconIdx":310},{"icon":{"paths":["M512 992l480-480h-288v-512h-384v512h-288z"],"tags":["arrow-down","down","download","bottom"],"defaultCode":59958,"grid":16,"attrs":[]},"attrs":[],"properties":{"ligatures":"arrow-down, down","name":"arrow-down","order":13,"id":311,"prevSize":32,"code":59958},"setIdx":0,"setId":1,"iconIdx":312},{"icon":{"paths":["M32 512l480 480v-288h512v-384h-512v-288z"],"tags":["arrow-left","left","previous"],"defaultCode":59960,"grid":16,"attrs":[]},"attrs":[],"properties":{"ligatures":"arrow-left, left3","name":"arrow-left","order":10,"id":313,"prevSize":32,"code":59960},"setIdx":0,"setId":1,"iconIdx":314},{"icon":{"paths":["M877.254 402.746l-320-320c-24.992-24.994-65.514-24.994-90.508 0l-320 320c-24.994 24.994-24.994 65.516 0 90.51 24.994 24.996 65.516 24.996 90.51 0l210.744-210.746v613.49c0 35.346 28.654 64 64 64s64-28.654 64-64v-613.49l210.746 210.746c12.496 12.496 28.876 18.744 45.254 18.744s32.758-6.248 45.254-18.746c24.994-24.994 24.994-65.514 0-90.508z"],"tags":["arrow-up","up","upload","top"],"defaultCode":59962,"grid":16,"attrs":[]},"attrs":[],"properties":{"ligatures":"arrow-up2, up2","name":"arrow-up2","order":8,"id":315,"prevSize":32,"code":59962},"setIdx":0,"setId":1,"iconIdx":316},{"icon":{"paths":["M621.254 877.254l320-320c24.994-24.992 24.994-65.516 0-90.51l-320-320c-24.994-24.992-65.516-24.992-90.51 0-24.994 24.994-24.994 65.516 0 90.51l210.746 210.746h-613.49c-35.346 0-64 28.654-64 64s28.654 64 64 64h613.49l-210.746 210.746c-12.496 12.496-18.744 28.876-18.744 45.254s6.248 32.758 18.744 45.254c24.994 24.994 65.516 24.994 90.51 0z"],"tags":["arrow-right","right","next"],"defaultCode":59964,"grid":16,"attrs":[]},"attrs":[],"properties":{"ligatures":"arrow-right2, right4","name":"arrow-right2","order":7,"id":317,"prevSize":32,"code":59964},"setIdx":0,"setId":1,"iconIdx":318},{"icon":{"paths":["M877.254 621.254l-320 320c-24.992 24.994-65.514 24.994-90.508 0l-320-320c-24.994-24.994-24.994-65.516 0-90.51 24.994-24.996 65.516-24.996 90.51 0l210.744 210.746v-613.49c0-35.346 28.654-64 64-64s64 28.654 64 64v613.49l210.746-210.746c12.496-12.496 28.876-18.744 45.254-18.744s32.758 6.248 45.254 18.746c24.994 24.994 24.994 65.514 0 90.508z"],"tags":["arrow-down","down","download","bottom"],"defaultCode":59966,"grid":16,"attrs":[]},"attrs":[],"properties":{"ligatures":"arrow-down2, down2","name":"arrow-down2","order":9,"id":319,"prevSize":32,"code":59966},"setIdx":0,"setId":1,"iconIdx":320},{"icon":{"paths":["M402.746 877.254l-320-320c-24.994-24.992-24.994-65.516 0-90.51l320-320c24.994-24.992 65.516-24.992 90.51 0 24.994 24.994 24.994 65.516 0 90.51l-210.746 210.746h613.49c35.346 0 64 28.654 64 64s-28.654 64-64 64h-613.49l210.746 210.746c12.496 12.496 18.744 28.876 18.744 45.254s-6.248 32.758-18.744 45.254c-24.994 24.994-65.516 24.994-90.51 0z"],"tags":["arrow-left","left","previous"],"defaultCode":59968,"grid":16,"attrs":[]},"attrs":[],"properties":{"ligatures":"arrow-left2, left4","name":"arrow-left2","order":6,"id":321,"prevSize":32,"code":59968},"setIdx":0,"setId":1,"iconIdx":322},{"icon":{"paths":["M0 512c0 282.77 229.23 512 512 512s512-229.23 512-512-229.23-512-512-512-512 229.23-512 512zM928 512c0 229.75-186.25 416-416 416s-416-186.25-416-416 186.25-416 416-416 416 186.25 416 416z","M706.744 669.256l90.512-90.512-285.256-285.254-285.254 285.256 90.508 90.508 194.746-194.744z"],"tags":["circle-up","up","circle-top","arrow"],"defaultCode":59969,"grid":16,"attrs":[]},"attrs":[],"properties":{"ligatures":"circle-up, up3","name":"circle-up","order":24,"id":322,"prevSize":32,"code":59969},"setIdx":0,"setId":1,"iconIdx":323},{"icon":{"paths":["M512 0c-282.77 0-512 229.23-512 512s229.23 512 512 512 512-229.23 512-512-229.23-512-512-512zM512 928c-229.75 0-416-186.25-416-416s186.25-416 416-416 416 186.25 416 416-186.25 416-416 416z","M354.744 706.744l90.512 90.512 285.254-285.256-285.256-285.254-90.508 90.508 194.744 194.746z"],"tags":["circle-right","right","circle-next","arrow"],"defaultCode":59970,"grid":16,"attrs":[]},"attrs":[],"properties":{"ligatures":"circle-right, right5","name":"circle-right","order":25,"id":323,"prevSize":32,"code":59970},"setIdx":0,"setId":1,"iconIdx":324},{"icon":{"paths":["M1024 512c0-282.77-229.23-512-512-512s-512 229.23-512 512 229.23 512 512 512 512-229.23 512-512zM96 512c0-229.75 186.25-416 416-416s416 186.25 416 416-186.25 416-416 416-416-186.25-416-416z","M317.256 354.744l-90.512 90.512 285.256 285.254 285.254-285.256-90.508-90.508-194.746 194.744z"],"tags":["circle-down","down","circle-bottom","arrow"],"defaultCode":59971,"grid":16,"attrs":[]},"attrs":[],"properties":{"ligatures":"circle-down, down3","name":"circle-down","order":26,"id":324,"prevSize":32,"code":59971},"setIdx":0,"setId":1,"iconIdx":325},{"icon":{"paths":["M512 1024c282.77 0 512-229.23 512-512s-229.23-512-512-512-512 229.23-512 512 229.23 512 512 512zM512 96c229.75 0 416 186.25 416 416s-186.25 416-416 416-416-186.25-416-416 186.25-416 416-416z","M669.256 317.256l-90.512-90.512-285.254 285.256 285.256 285.254 90.508-90.508-194.744-194.746z"],"tags":["circle-left","left","circle-previous","arrow"],"defaultCode":59972,"grid":16,"attrs":[]},"attrs":[],"properties":{"ligatures":"circle-left, left5","name":"circle-left","order":27,"id":325,"prevSize":32,"code":59972},"setIdx":0,"setId":1,"iconIdx":326},{"icon":{"paths":["M736.014 448c-8.908 0-17.77-3.698-24.096-10.928l-199.918-228.478-199.918 228.478c-11.636 13.3-31.856 14.65-45.154 3.010-13.3-11.638-14.648-31.854-3.010-45.154l224-256c6.076-6.944 14.854-10.928 24.082-10.928s18.006 3.984 24.082 10.928l224 256c11.638 13.3 10.292 33.516-3.010 45.154-6.070 5.312-13.582 7.918-21.058 7.918z"],"tags":["ctrl","control"],"defaultCode":59984,"grid":16,"attrs":[]},"attrs":[],"properties":{"ligatures":"ctrl, control","name":"ctrl","order":4,"id":337,"prevSize":32,"code":59984},"setIdx":0,"setId":1,"iconIdx":338},{"icon":{"paths":["M287.986 576c8.908 0 17.77 3.698 24.096 10.928l199.918 228.478 199.918-228.478c11.636-13.3 31.856-14.65 45.154-3.010 13.3 11.638 14.648 31.854 3.010 45.154l-224 256c-6.076 6.944-14.854 10.928-24.082 10.928s-18.006-3.984-24.082-10.928l-224-256c-11.638-13.3-10.292-33.516 3.010-45.154 6.070-5.312 13.582-7.918 21.058-7.918z"],"tags":["ctrl","control"],"defaultCode":59984,"grid":16,"attrs":[]},"attrs":[],"properties":{"order":5,"id":492,"prevSize":32,"code":59985,"name":"ctrl1"},"setIdx":0,"setId":1,"iconIdx":339},{"icon":{"paths":["M0 64h1024v128h-1024zM0 256h640v128h-640zM0 640h640v128h-640zM0 448h1024v128h-1024zM0 832h1024v128h-1024z"],"tags":["paragraph-left","wysiwyg","align-left","left"],"defaultCode":60023,"grid":16,"attrs":[]},"attrs":[],"properties":{"ligatures":"paragraph-left, wysiwyg25","name":"paragraph-left","order":18,"id":376,"prevSize":32,"code":60023},"setIdx":0,"setId":1,"iconIdx":378},{"icon":{"paths":["M0 64h1024v128h-1024zM192 256h640v128h-640zM192 640h640v128h-640zM0 448h1024v128h-1024zM0 832h1024v128h-1024z"],"tags":["paragraph-center","wysiwyg","align-center","center"],"defaultCode":60024,"grid":16,"attrs":[]},"attrs":[],"properties":{"ligatures":"paragraph-center, wysiwyg26","name":"paragraph-center","order":19,"id":377,"prevSize":32,"code":60024},"setIdx":0,"setId":1,"iconIdx":379},{"icon":{"paths":["M0 64h1024v128h-1024zM384 256h640v128h-640zM384 640h640v128h-640zM0 448h1024v128h-1024zM0 832h1024v128h-1024z"],"tags":["paragraph-right","wysiwyg","align-right","right"],"defaultCode":60025,"grid":16,"attrs":[]},"attrs":[],"properties":{"ligatures":"paragraph-right, wysiwyg27","name":"paragraph-right","order":15,"id":378,"prevSize":32,"code":60025},"setIdx":0,"setId":1,"iconIdx":380},{"icon":{"paths":["M0 64h1024v128h-1024zM0 256h1024v128h-1024zM0 448h1024v128h-1024zM0 640h1024v128h-1024zM0 832h1024v128h-1024z"],"tags":["paragraph-justify","wysiwyg","justify"],"defaultCode":60026,"grid":16,"attrs":[]},"attrs":[],"properties":{"ligatures":"paragraph-justify, wysiwyg28","name":"paragraph-justify","order":14,"id":379,"prevSize":32,"code":60026},"setIdx":0,"setId":1,"iconIdx":381},{"icon":{"paths":["M0 64h1024v128h-1024zM384 256h640v128h-640zM384 448h640v128h-640zM384 640h640v128h-640zM0 832h1024v128h-1024zM0 704v-384l256 192z"],"tags":["indent-increase","wysiwyg"],"defaultCode":60027,"grid":16,"attrs":[]},"attrs":[],"properties":{"ligatures":"indent-increase, wysiwyg29","name":"indent-increase","order":16,"id":380,"prevSize":32,"code":60027},"setIdx":0,"setId":1,"iconIdx":382},{"icon":{"paths":["M0 64h1024v128h-1024zM384 256h640v128h-640zM384 448h640v128h-640zM384 640h640v128h-640zM0 832h1024v128h-1024zM256 320v384l-256-192z"],"tags":["indent-decrease","wysiwyg"],"defaultCode":60028,"grid":16,"attrs":[]},"attrs":[],"properties":{"ligatures":"indent-decrease, wysiwyg30","name":"indent-decrease","order":17,"id":381,"prevSize":32,"code":60028},"setIdx":0,"setId":1,"iconIdx":383}],"height":1024,"metadata":{"name":"icomoon"},"preferences":{"showGlyphs":true,"showQuickUse":true,"showQuickUse2":true,"showSVGs":true,"fontPref":{"prefix":"icon-","metadata":{"fontFamily":"icomoon","majorVersion":1,"minorVersion":0},"metrics":{"emSize":1024,"baseline":6.25,"whitespace":50},"embed":false,"ie7":true,"noie8":false},"imagePref":{"prefix":"icon-","png":true,"useClassSelector":true,"color":0,"bgColor":16777215,"classSelector":".icon","name":"icomoon","height":32,"columns":16,"margin":16},"historySize":50,"showCodes":true,"gridSize":16,"showGrid":false}}